feature_set,model,mape_train_cv,mape_valid,mape_test_b2,mape_test_b3,gap_train_valid,gap_valid_test,gap_target_test,final
A,Baseline,9.14,7.8,28.56,12.81,-1.34,20.76,19.46,False
A,ElasticNet,9.22,9.57,30.44,12.25,0.36,20.86,21.34,False
A,Ridge,9.1,7.82,28.79,12.72,-1.28,20.96,19.69,False
A,PLS,9.14,7.8,28.56,12.81,-1.34,20.76,19.46,False
A,GPR,9.71,8.25,28.41,12.59,-1.46,20.16,19.31,False
A,RandomForest,10.93,6.56,29.25,17.6,-4.37,22.69,20.15,False
B,ElasticNet,9.73,10.82,31.64,12.08,1.09,20.82,22.54,False
B,Ridge,10.63,9.18,34.38,12.57,-1.44,25.19,25.28,False
B,PLS,11.35,16.56,34.83,15.76,5.21,18.27,25.73,False
B,GPR,10.76,10.11,42.08,14.93,-0.65,31.97,32.98,False
B,RandomForest,11.77,5.84,29.63,18.47,-5.93,23.79,20.53,True
C,ElasticNet,9.89,10.86,34.48,12.58,0.97,23.62,25.38,False
C,Ridge,11.18,10.02,35.88,13.45,-1.17,25.87,26.78,False
C,PLS,11.83,16.1,35.06,17.17,4.28,18.96,25.96,False
C,GPR,12.08,8.58,33.1,12.63,-3.5,24.52,24.0,False
C,RandomForest,12.07,5.87,29.99,18.83,-6.2,24.12,20.89,False
