uid,policy,group,cycle_life,life_pred,ape_pct
b2_c00,5.2C(58%)-4C,b2-legacy,477.0,606.1,27.1
b2_c01,5.6C(26%)-4.5C,b2-legacy,491.0,587.0,19.6
b2_c02,5.2C(50%)-4.25C,b2-legacy,424.0,605.3,42.8
b2_c03,4.65C(44%)-5C,b2-legacy,499.0,606.3,21.5
b2_c04,4.65C(69%)-6C,b2-legacy,444.0,583.3,31.4
b2_c05,3.6C(30%)-6C,b2-legacy,416.0,594.8,43.0
b2_c06,3.6C(9%)-5C,b2-legacy,393.0,636.4,61.9
b2_c07,4.8C(80%)-4.8C-newstructure,b2-new,777.0,875.8,12.7
b2_c08,5.2C(58%)-4C-newstructure,b2-new,904.0,870.0,3.8
b2_c09,5.6C(26%)-4.5C-newstructure,b2-new,791.0,891.0,12.6
b2_c10,4.8C(80%)-4.8C,b2-legacy,492.0,600.3,22.0
b2_c11,5.2C(50%)-4.25C,b2-legacy,449.0,606.7,35.1
b2_c12,4.65C(44%)-5C,b2-legacy,466.0,586.9,25.9
b2_c13,4.65C(69%)-6C,b2-legacy,460.0,583.3,26.8
b2_c14,3.6C(30%)-6C,b2-legacy,426.0,594.8,39.6
b2_c15,3.6C(9%)-5C,b2-legacy,396.0,606.9,53.3
b2_c16,4.8C(80%)-4.8C,b2-legacy,472.0,601.9,27.5
b2_c17,5.6C(26%)-4.5C,b2-legacy,471.0,606.4,28.8
b2_c18,5.2C(50%)-4.25C,b2-legacy,449.0,682.9,52.1
b2_c19,6C(60%)-3C,b2-legacy,392.0,594.9,51.8
b2_c20,5.2C(58%)-4C,b2-legacy,489.0,604.5,23.6
b2_c21,6C(60%)-3C,b2-legacy,408.0,594.9,45.8
b2_c24,4.8C(80%)-4.8C,b2-legacy,514.0,730.1,42.0
b2_c25,5.2C(58%)-4C,b2-legacy,493.0,640.5,29.9
b2_c26,5.6C(26%)-4.5C,b2-legacy,450.0,587.0,30.4
b2_c27,5.2C(50%)-4.25C,b2-legacy,474.0,606.7,28.0
b2_c28,4.8C(80%)-4.8C,b2-legacy,437.0,592.7,35.6
b2_c29,5.2C(58%)-4C,b2-legacy,452.0,606.1,34.1
b2_c30,5.6C(26%)-4.5C,b2-legacy,412.0,587.0,42.5
b2_c31,5.6C(26%)-4.5C,b2-legacy,425.0,587.0,38.1
b2_c32,4.8C(80%)-4.8C-newstructure,b2-new,809.0,875.8,8.3
b2_c33,5.2C(58%)-4C-newstructure,b2-new,1140.0,869.7,23.7
b2_c34,5.6C(26%)-4.5C-newstructure,b2-new,1186.0,891.0,24.9
b2_c41,5.6C(26%)-4.5C,b2-legacy,442.0,587.0,32.8
b2_c42,5.2C(50%)-4.25C,b2-legacy,474.0,606.7,28.0
b2_c43,4.8C(80%)-4.8C-newstructure,b2-new,1029.0,875.8,14.9
b2_c44,5.2C(58%)-4C-newstructure,b2-new,841.0,869.7,3.4
b2_c45,5.6C(26%)-4.5C-newstructure,b2-new,997.0,891.0,10.6
b2_c46,4.8C(80%)-4.8C,b2-legacy,503.0,601.9,19.7
